# bandwidth_advantage,1k
1.000000000000000000e+00,3.598959984016000258e-01
2.000000000000000000e+00,6.396479744256000632e-01
3.000000000000000000e+00,8.393518705295999194e-01
4.000000000000000000e+00,9.591035908096000595e-01
5.000000000000000000e+00,9.989990010000000531e-01
